"Status","Start Time","Stop Time","Duration in ms","Parent Suite","Suite","Sub Suite","Test Class","Test Method","Name","Description"
"passed","Wed Sep 23 01:54:51 UTC 2026","Wed Sep 23 01:54:52 UTC 2026","467","Phoenix API Test Suite","Inwarranty Flow","com.api.tests.MasterAPITest","com.api.tests.MasterAPITest","masterAPITest_MissingAuthToken","Verify if master API is giving correct status code for missing token","Verify Master API returns 401 Unauthorized when no token provided"
"passed","Wed Sep 23 01:54:52 UTC 2026","Wed Sep 23 01:55:00 UTC 2026","7367","Phoenix API Test Suite","Inwarranty Flow","com.api.tests.datadriven.CreateJobAPIDataDrivenTest","com.api.tests.datadriven.CreateJobAPIDataDrivenTest","createJobAPITestWithFakeData","Verify if create job API is able to create with fake data generator","Verify if create job API is able to create with fake data generator"
"passed","Wed Sep 23 01:55:22 UTC 2026","Wed Sep 23 01:55:31 UTC 2026","9055","Phoenix API Test Suite","Inwarranty Flow","com.api.tests.datadriven.CreateJobAPIPojoResponseTest","com.api.tests.datadriven.CreateJobAPIPojoResponseTest","createJobAPIPojoResponse","Verify if create job API is able to create with fake data generator, asserting between Response data and database","Verify if create job API is able to create with fake data generator and POJO response"
"passed","Wed Sep 23 01:54:43 UTC 2026","Wed Sep 23 01:54:49 UTC 2026","5572","Phoenix API Test Suite","Inwarranty Flow","com.api.tests.CountAPITest","com.api.tests.CountAPITest","countAPITest","Verify if count API is giving correct response","Verify if the Job Count API is shown correctly for FD user"
"passed","Wed Sep 23 01:54:50 UTC 2026","Wed Sep 23 01:54:50 UTC 2026","488","Phoenix API Test Suite","Inwarranty Flow","com.api.tests.LoginAPITest","com.api.tests.LoginAPITest","loginAPITest","Verify if login API is working for FD user","Verify if login API is working for FD user"
"passed","Wed Sep 23 01:56:08 UTC 2026","Wed Sep 23 01:56:08 UTC 2026","473","Phoenix API Test Suite","Inwarranty Flow","com.api.tests.datadriven.LoginAPIDataDrivenTest","com.api.tests.datadriven.LoginAPIDataDrivenTest","loginAPIJSONDataDriverTest","Verify if login API is working for FD user","Verify if login API with JSON data driven is working for FD user"
"passed","Wed Sep 23 01:55:00 UTC 2026","Wed Sep 23 01:55:05 UTC 2026","5485","Phoenix API Test Suite","Inwarranty Flow","com.api.tests.datadriven.CreateJobAPIDataDrivenTest","com.api.tests.datadriven.CreateJobAPIDataDrivenTest","createJobAPITestWithFakeData","Verify if create job API is able to create with fake data generator","Verify if create job API is able to create with fake data generator"
"passed","Wed Sep 23 01:56:07 UTC 2026","Wed Sep 23 01:56:08 UTC 2026","483","Phoenix API Test Suite","Inwarranty Flow","com.api.tests.datadriven.LoginAPIDataDrivenTest","com.api.tests.datadriven.LoginAPIDataDrivenTest","loginAPIDataDriverTest","Verify if login API is working for FD user","Verify if login API with data driven is working for FD user"
"passed","Wed Sep 23 01:56:09 UTC 2026","Wed Sep 23 01:56:09 UTC 2026","470","Phoenix API Test Suite","Inwarranty Flow","com.api.tests.datadriven.LoginAPIDataDrivenTest","com.api.tests.datadriven.LoginAPIDataDrivenTest","loginAPIJSONDataDriverTest","Verify if login API is working for FD user","Verify if login API with JSON data driven is working for FD user"
"passed","Wed Sep 23 01:55:31 UTC 2026","Wed Sep 23 01:55:40 UTC 2026","9070","Phoenix API Test Suite","Inwarranty Flow","com.api.tests.datadriven.CreateJobAPIPojoResponseTest","com.api.tests.datadriven.CreateJobAPIPojoResponseTest","createJobAPIPojoResponse","Verify if create job API is able to create with fake data generator, asserting between Response data and database","Verify if create job API is able to create with fake data generator and POJO response"
"passed","Wed Sep 23 01:55:11 UTC 2026","Wed Sep 23 01:55:16 UTC 2026","5464","Phoenix API Test Suite","Inwarranty Flow","com.api.tests.datadriven.CreateJobAPIDataDrivenTest","com.api.tests.datadriven.CreateJobAPIDataDrivenTest","createJobAPITestWithFakeData","Verify if create job API is able to create with fake data generator","Verify if create job API is able to create with fake data generator"
"passed","Wed Sep 23 01:54:50 UTC 2026","Wed Sep 23 01:54:51 UTC 2026","734","Phoenix API Test Suite","Inwarranty Flow","com.api.tests.MasterAPITest","com.api.tests.MasterAPITest","masterAPITest","Verify if the master API is giving correct response","Verify if the master API is giving correct response"
"passed","Wed Sep 23 01:55:05 UTC 2026","Wed Sep 23 01:55:11 UTC 2026","5443","Phoenix API Test Suite","Inwarranty Flow","com.api.tests.datadriven.CreateJobAPIDataDrivenTest","com.api.tests.datadriven.CreateJobAPIDataDrivenTest","createJobAPITestWithFakeData","Verify if create job API is able to create with fake data generator","Verify if create job API is able to create with fake data generator"
"passed","Wed Sep 23 01:54:52 UTC 2026","Wed Sep 23 01:54:52 UTC 2026","488","Phoenix API Test Suite","Inwarranty Flow","com.api.tests.UserDetailsAPITest","com.api.tests.UserDetailsAPITest","userDetailsTest","Verify if Userdetails API is giving correct response","Verify if the UserDetails API is shown correctly"
"passed","Wed Sep 23 01:55:58 UTC 2026","Wed Sep 23 01:56:07 UTC 2026","9036","Phoenix API Test Suite","Inwarranty Flow","com.api.tests.datadriven.CreateJobAPIPojoResponseTest","com.api.tests.datadriven.CreateJobAPIPojoResponseTest","createJobAPIPojoResponse","Verify if create job API is able to create with fake data generator, asserting between Response data and database","Verify if create job API is able to create with fake data generator and POJO response"
"passed","Wed Sep 23 01:55:40 UTC 2026","Wed Sep 23 01:55:49 UTC 2026","9025","Phoenix API Test Suite","Inwarranty Flow","com.api.tests.datadriven.CreateJobAPIPojoResponseTest","com.api.tests.datadriven.CreateJobAPIPojoResponseTest","createJobAPIPojoResponse","Verify if create job API is able to create with fake data generator, asserting between Response data and database","Verify if create job API is able to create with fake data generator and POJO response"
"passed","Wed Sep 23 01:55:16 UTC 2026","Wed Sep 23 01:55:22 UTC 2026","5466","Phoenix API Test Suite","Inwarranty Flow","com.api.tests.datadriven.CreateJobAPIDataDrivenTest","com.api.tests.datadriven.CreateJobAPIDataDrivenTest","createJobAPITestWithFakeData","Verify if create job API is able to create with fake data generator","Verify if create job API is able to create with fake data generator"
"passed","Wed Sep 23 01:56:08 UTC 2026","Wed Sep 23 01:56:09 UTC 2026","475","Phoenix API Test Suite","Inwarranty Flow","com.api.tests.datadriven.LoginAPIDataDrivenTest","com.api.tests.datadriven.LoginAPIDataDrivenTest","loginAPIJSONDataDriverTest","Verify if login API is working for FD user","Verify if login API with JSON data driven is working for FD user"
"passed","Wed Sep 23 01:54:49 UTC 2026","Wed Sep 23 01:54:50 UTC 2026","625","Phoenix API Test Suite","Inwarranty Flow","com.api.tests.CreateJobAPITest","com.api.tests.CreateJobAPITest","createJobAPITest","Verify if create job API is able to create Inwarranty job","Verify if create job API is able to create Inwarranty job"
"passed","Wed Sep 23 01:55:49 UTC 2026","Wed Sep 23 01:55:58 UTC 2026","9082","Phoenix API Test Suite","Inwarranty Flow","com.api.tests.datadriven.CreateJobAPIPojoResponseTest","com.api.tests.datadriven.CreateJobAPIPojoResponseTest","createJobAPIPojoResponse","Verify if create job API is able to create with fake data generator, asserting between Response data and database","Verify if create job API is able to create with fake data generator and POJO response"
"passed","Wed Sep 23 01:54:49 UTC 2026","Wed Sep 23 01:54:49 UTC 2026","599","Phoenix API Test Suite","Inwarranty Flow","com.api.tests.CountAPITest","com.api.tests.CountAPITest","countAPITest_MissingAuthToken","Verify if count API is giving correct status code for missing token","Verify Job Count API returns 401 Unauthorized when no token provided"
